id	sex	ad	ad3	ad_cat	0:1000:A:A	0:2000:A:A	0:3000:A:A	0:4000:A:A	0:5000:A:A	0:6000:A:A	0:7000:A:A	0:8000:A:A	0:9000:A:A	0:10000:A:A	0:11000:A:A	0:12000:A:A	0:13000:A:A	0:14000:A:A	0:15000:A:A	0:16000:A:A	0:17000:A:A	0:18000:A:A	0:19000:A:A	0:20000:A:A	0:21000:A:A	0:22000:A:A	0:23000:A:A	0:24000:A:A	0:25000:A:A	0:26000:A:A	0:27000:A:A	0:28000:A:A	0:29000:A:A	0:30000:A:A	0:31000:A:A	0:32000:A:A	0:33000:A:A	0:34000:A:A	0:35000:A:A	0:36000:A:A
0	2	0	T2	Lower	TT	TT	AA	AA	TT	TT	AA	AA	TT	TT	AA	AA	TT	TT	AA	AA	TT	TT	AA	AA	TT	TT	AA	AA	TT	TT	AA	AA	TT	TT	AA	AA	TT	TT	AA	AA
1	1	0	T3	Higher	AA	AA	TT	TT	AA	AA	TT	TT	AA	AA	TT	TT	AA	AA	TT	TT	AA	AA	TT	TT	AA	AA	TT	TT	AA	AA	TT	TT	AA	AA	TT	TT	AA	AA	TT	TT
2	2	0	T1	Lower	TT	TT	AA	AA	TT	TT	AA	AA	TT	TT	AA	AA	TT	TT	AA	AA	TT	TT	AA	AA	TT	TT	AA	AA	TT	TT	AA	AA	TT	TT	AA	AA	TT	TT	AA	AA
3	1	0	T2	Higher	AA	AA	TT	TT	AA	AA	TT	TT	AA	AA	TT	TT	AA	AA	TT	TT	AA	AA	TT	TT	AA	AA	TT	TT	AA	AA	TT	TT	AA	AA	TT	TT	AA	AA	TT	TT
4	2	0	T3	Lower	TT	TT	AA	AA	TT	TT	AA	AA	TT	TT	AA	AA	TT	TT	AA	AA	TT	TT	AA	AA	TT	TT	AA	AA	TT	TT	AA	AA	TT	TT	AA	AA	TT	TT	AA	AA
5	1	0	T1	Higher	AA	AA	TT	TT	AA	AA	TT	TT	AA	AA	TT	TT	AA	AA	TT	TT	AA	AA	TT	TT	AA	AA	TT	TT	AA	AA	TT	TT	AA	AA	TT	TT	AA	AA	TT	TT
6	2	0	T2	Lower	TT	TT	AA	AA	TT	TT	AA	AA	TT	TT	AA	AA	TT	TT	AA	AA	TT	TT	AA	AA	TT	TT	AA	AA	TT	TT	AA	AA	TT	TT	AA	AA	TT	TT	AA	AA
7	1	0	T3	Higher	AA	AA	TT	TT	AA	AA	TT	TT	AA	AA	TT	TT	AA	AA	TT	TT	AA	AA	TT	TT	AA	AA	TT	TT	AA	AA	TT	TT	AA	AA	TT	TT	AA	AA	TT	TT
8	2	0	T1	Lower	TT	TT	AA	AA	TT	TT	AA	AA	TT	TT	AA	AA	TT	TT	AA	AA	TT	TT	AA	AA	TT	TT	AA	AA	TT	TT	AA	AA	TT	TT	AA	AA	TT	TT	AA	AA
9	1	0	T2	Higher	AA	AA	TT	TT	AA	AA	TT	TT	AA	AA	TT	TT	AA	AA	TT	TT	AA	AA	TT	TT	AA	AA	TT	TT	AA	AA	TT	TT	AA	AA	TT	TT	AA	AA	TT	TT
10	2	0	T3	Lower	TT	TT	AA	AA	TT	TT	AA	AA	TT	TT	AA	AA	TT	TT	AA	AA	TT	TT	AA	AA	TT	TT	AA	AA	TT	TT	AA	AA	TT	TT	AA	AA	TT	TT	AA	AA
11	1	0	T1	Higher	AA	AA	TT	TT	AA	AA	TT	TT	AA	AA	TT	TT	AA	AA	TT	TT	AA	AA	TT	TT	AA	AA	TT	TT	AA	AA	TT	TT	AA	AA	TT	TT	AA	AA	TT	TT
12	2	0	T2	Lower	TT	TT	AA	AA	TT	TT	AA	AA	TT	TT	AA	AA	TT	TT	AA	AA	TT	TT	AA	AA	TT	TT	AA	AA	TT	TT	AA	AA	TT	TT	AA	AA	TT	TT	AA	AA
13	1	0	T3	Higher	AA	AA	TT	TT	AA	AA	TT	TT	AA	AA	TT	TT	AA	AA	TT	TT	AA	AA	TT	TT	AA	AA	TT	TT	AA	AA	TT	TT	AA	AA	TT	TT	AA	AA	TT	TT
14	2	0	T1	Lower	TT	TT	AA	AA	TT	TT	AA	AA	TT	TT	AA	AA	TT	TT	AA	AA	TT	TT	AA	AA	TT	TT	AA	AA	TT	TT	AA	AA	TT	TT	AA	AA	TT	TT	AA	AA
15	1	0	T2	Higher	AA	AA	TT	TT	AA	AA	TT	TT	AA	AA	TT	TT	AA	AA	TT	TT	AA	AA	TT	TT	AA	AA	TT	TT	AA	AA	TT	TT	AA	AA	TT	TT	AA	AA	TT	TT
16	2	0	T3	Lower	TT	TT	AA	AA	TT	TT	AA	AA	TT	TT	AA	AA	TT	TT	AA	AA	TT	TT	AA	AA	TT	TT	AA	AA	TT	TT	AA	AA	TT	TT	AA	AA	TT	TT	AA	AA
17	1	0	T1	Higher	AA	AA	TT	TT	AA	AA	TT	TT	AA	AA	TT	TT	AA	AA	TT	TT	AA	AA	TT	TT	AA	AA	TT	TT	AA	AA	TT	TT	AA	AA	TT	TT	AA	AA	TT	TT
18	2	0	T2	Lower	TT	TT	AA	AA	TT	TT	AA	AA	TT	TT	AA	AA	TT	TT	AA	AA	TT	TT	AA	AA	TT	TT	AA	AA	TT	TT	AA	AA	TT	TT	AA	AA	TT	TT	AA	AA
19	1	0	T3	Higher	AA	AA	TT	TT	AA	AA	TT	TT	AA	AA	TT	TT	AA	AA	TT	TT	AA	AA	TT	TT	AA	AA	TT	TT	AA	AA	TT	TT	AA	AA	TT	TT	AA	AA	TT	TT
20	2	0	T1	Lower	TT	TT	AA	AA	TT	TT	AA	AA	TT	TT	AA	AA	TT	TT	AA	AA	TT	TT	AA	AA	TT	TT	AA	AA	TT	TT	AA	AA	TT	TT	AA	AA	TT	TT	AA	AA
21	1	0	T2	Higher	AA	AA	TT	TT	AA	AA	TT	TT	AA	AA	TT	TT	AA	AA	TT	TT	AA	AA	TT	TT	AA	AA	TT	TT	AA	AA	TT	TT	AA	AA	TT	TT	AA	AA	TT	TT
22	2	0	T3	Lower	TT	TT	AA	AA	TT	TT	AA	AA	TT	TT	AA	AA	TT	TT	AA	AA	TT	TT	AA	AA	TT	TT	AA	AA	TT	TT	AA	AA	TT	TT	AA	AA	TT	TT	AA	AA
23	1	0	T1	Higher	AA	AA	TT	TT	AA	AA	TT	TT	AA	AA	TT	TT	AA	AA	TT	TT	AA	AA	TT	TT	AA	AA	TT	TT	AA	AA	TT	TT	AA	AA	TT	TT	AA	AA	TT	TT
24	2	0	T2	Lower	TT	TT	AA	AA	TT	TT	AA	AA	TT	TT	AA	AA	TT	TT	AA	AA	TT	TT	AA	AA	TT	TT	AA	AA	TT	TT	AA	AA	TT	TT	AA	AA	TT	TT	AA	AA
25	1	0	T3	Higher	AA	AA	TT	TT	AA	AA	TT	TT	AA	AA	TT	TT	AA	AA	TT	TT	AA	AA	TT	TT	AA	AA	TT	TT	AA	AA	TT	TT	AA	AA	TT	TT	AA	AA	TT	TT
26	2	0	T1	Lower	TT	TT	AA	AA	TT	TT	AA	AA	TT	TT	AA	AA	TT	TT	AA	AA	TT	TT	AA	AA	TT	TT	AA	AA	TT	TT	AA	AA	TT	TT	AA	AA	TT	TT	AA	AA
27	1	0	T2	Higher	AA	AA	TT	TT	AA	AA	TT	TT	AA	AA	TT	TT	AA	AA	TT	TT	AA	AA	TT	TT	AA	AA	TT	TT	AA	AA	TT	TT	AA	AA	TT	TT	AA	AA	TT	TT
28	2	0	T3	Lower	TT	TT	AA	AA	TT	TT	AA	AA	TT	TT	AA	AA	TT	TT	AA	AA	TT	TT	AA	AA	TT	TT	AA	AA	TT	TT	AA	AA	TT	TT	AA	AA	TT	TT	AA	AA
29	1	0	T1	Higher	AA	AA	TT	TT	AA	AA	TT	TT	AA	AA	TT	TT	AA	AA	TT	TT	AA	AA	TT	TT	AA	AA	TT	TT	AA	AA	TT	TT	AA	AA	TT	TT	AA	AA	TT	TT
30	2	0	T2	Lower	TT	TT	AA	AA	TT	TT	AA	AA	TT	TT	AA	AA	TT	TT	AA	AA	TT	TT	AA	AA	TT	TT	AA	AA	TT	TT	AA	AA	TT	TT	AA	AA	TT	TT	AA	AA
31	1	0	T3	Higher	AA	AA	TT	TT	AA	AA	TT	TT	AA	AA	TT	TT	AA	AA	TT	TT	AA	AA	TT	TT	AA	AA	TT	TT	AA	AA	TT	TT	AA	AA	TT	TT	AA	AA	TT	TT
32	2	0	T1	Lower	TT	TT	AA	AA	TT	TT	AA	AA	TT	TT	AA	AA	TT	TT	AA	AA	TT	TT	AA	AA	TT	TT	AA	AA	TT	TT	AA	AA	TT	TT	AA	AA	TT	TT	AA	AA
33	1	0	T2	Higher	AA	AA	TT	TT	AA	AA	TT	TT	AA	AA	TT	TT	AA	AA	TT	TT	AA	AA	TT	TT	AA	AA	TT	TT	AA	AA	TT	TT	AA	AA	TT	TT	AA	AA	TT	TT
34	2	0	T3	Lower	TT	TT	AA	AA	TT	TT	AA	AA	TT	TT	AA	AA	TT	TT	AA	AA	TT	TT	AA	AA	TT	TT	AA	AA	TT	TT	AA	AA	TT	TT	AA	AA	TT	TT	AA	AA
35	1	0	T1	Higher	AA	AA	TT	TT	AA	AA	TT	TT	AA	AA	TT	TT	AA	AA	TT	TT	AA	AA	TT	TT	AA	AA	TT	TT	AA	AA	TT	TT	AA	AA	TT	TT	AA	AA	TT	TT
